sample_id,method,dx_mm,dy_mm,dz_mm,dphi_deg,dtheta_deg,dpsi_deg
0,nn_nr,1.1028355118014588e-05,6.441512664423499e-05,-3.817116430582246e-05,-9.171731871945594e-06,7.765510609853073e-06,-1.411163029845518e-06
1,nn_nr,-1.7034948882610479e-06,2.033392462408301e-06,1.2390482879709452e-06,-7.340609623292632e-06,-8.764570670843173e-06,-3.25013521823002e-06
2,nn_nr,-3.833505479633459e-05,-4.170910358425317e-05,-3.2694013043510495e-06,-2.734900448384339e-07,2.0233409028267072e-07,1.1370638197300528e-07
3,nn_nr,5.223672786769384e-06,-2.5782496209103556e-06,-5.757011194873485e-06,-4.553012320057308e-06,-4.07853887745389e-06,-5.682868264990478e-06
4,nn_nr,3.710593091454939e-06,-6.093738988965924e-07,-6.628582696066587e-07,-3.6350469381137952e-06,-4.029105755150397e-06,-3.726814388227252e-06
5,nn_nr,2.929039379750975e-05,-2.087543938955605e-05,1.0420610280448273e-05,-2.042710811614507e-06,3.9198900873876816e-06,-1.2564158211181744e-05
6,nn_nr,1.203253361836687e-06,0.0001207926769950518,7.659766367851262e-05,0.00018187265853640306,-6.364399280345108e-05,0.0001384523974528786
7,nn_nr,1.7250055606155001e-07,-5.091038701721118e-08,-1.609779474165407e-07,-1.7359894917977064e-07,-1.421035700576718e-07,2.583363556696946e-07
8,nn_nr,2.4074881821434246e-07,-1.1847907899209531e-07,1.7893432868731907e-07,-4.092880252956983e-08,2.161235250485618e-08,2.937786250404275e-07
9,nn_nr,-0.0006305735995510986,5.718105369822979e-05,-0.0002601339479042508,-0.0009146363812079563,0.001262207883499489,0.0011288836712238187
10,nn_nr,28.49431896028696,65.95393057025171,-2.9156126402085647e-09,-18.252277118795785,-1.1409795303650336e-05,-7.160179206512533e-05
11,nn_nr,60.37004039967158,52.92035447965,-38.21819980354212,-41.50362468716341,-2.468257507613578,30.577788680126748
12,nn_nr,-2.2017043335154085e-06,1.0125871767741046e-06,5.954356296911101e-07,1.2795015261403405e-06,-2.54944451857426e-06,3.3882947732604895e-07
13,nn_nr,-4.215947910779505e-07,-2.8801179041693103e-07,-3.569485897969571e-07,-1.4685063697528715e-07,1.1598251412524783e-07,5.736934412242926e-08
14,nn_nr,9.298116765421582e-08,6.160300358715176e-08,-9.674772627477068e-08,-7.09430863920422e-08,-7.324690209223221e-09,8.837733504514064e-08
15,nn_nr,9.015707291837316e-09,4.0597214479021204e-09,-2.2403128241421655e-09,3.163354241746162e-08,3.062357636169097e-08,-3.68572854262973e-08
16,nn_nr,-8.49399839353282e-09,-2.005103283408971e-08,1.6419107851106673e-08,6.637843064651811e-09,2.6275783556567794e-08,3.243595819693869e-08
17,nn_nr,4.72153530495234e-05,-0.00017580077059164978,0.00016433887481070997,-0.0001788859874404335,2.412729317035736e-06,-0.00015207776709674753
18,nn_nr,3.359980382811045e-08,-3.10832426464458e-08,6.04018168814946e-09,45.83967465841839,-13.828152979583235,32.447461220002175
19,nn_nr,-5.344134024198866e-10,1.2320811038080137e-09,-5.1592508043540874e-11,-5.397373483676227,0.7202889649728859,5.005043649310606
20,nn_nr,-5.574902843363816e-06,-9.504194395049126e-06,7.98275380020641e-07,-1.7731871729082326e-06,-5.11642091610812e-08,-5.055527288398692e-07
21,nn_nr,-212.1936247921316,-500.8702871910715,266.63588860837274,157.24536888828084,-65.63499666516223,-26.024820045646187
22,nn_nr,2.8599578204335785e-05,-3.261070560256485e-07,-1.0928930805675918e-05,-0.001164268718166611,-0.00014108483101431217,-0.00116827195384976
23,nn_nr,-7.449213683230482e-06,9.271608689687127e-06,-1.3858756346962764e-06,2.0166752235474835e-09,1.086636761366385e-07,2.8996450386641646e-07
24,nn_nr,14.768704015560559,-5.953286218861791,20.06490629596641,31.293275495073193,0.2507355193040887,-24.530004406673346
25,nn_nr,-0.0007380416929407829,0.0003892865286925229,-2.730461756073055e-05,6.821261699066233e-05,-3.410613442993455e-05,0.0001050789574306933
26,nn_nr,1.541128540338832e-07,3.742798071471043e-08,3.7741529013146646e-08,-1.744841357142781e-07,-1.7038106750856546e-07,8.1047067415228e-07
27,nn_nr,-1.1580496561691689e-08,2.3045527086651418e-07,-9.458869953959947e-08,-3.361128765170799e-08,-1.215010054975241e-08,-2.4149366474291094e-08
28,nn_nr,8.814553410729786e-06,-9.606266871742264e-06,8.627363285995671e-07,-6.139705633662931e-06,-6.125273625073634e-06,3.827418437023312e-08
29,nn_nr,3.715657328484667e-07,1.0722248333649986e-06,-2.6117298830286018e-06,-3.805967758474024e-07,3.303355388826074e-07,3.1726312836410546e-07
30,nn_nr,8.653989304718834e-05,-8.974838681297115e-05,3.45000120489658e-05,3.1358338867871874e-05,5.973988205850464e-05,-4.5627505423810125e-06
31,nn_nr,4.0999233874572383e-07,2.932433744717855e-07,-2.0635354758269386e-07,-4.628260223599617e-07,-2.6373973640693934e-08,-6.93727982013725e-07
32,nn_nr,-9.591535064146228e-05,2.7089205403285632e-05,1.2019265454910055e-05,3.7920628822954143e-07,-4.0612268562449775e-05,-5.9812476158109614e-05
33,nn_nr,8.877074158597509e-05,8.428122214354516e-06,-1.009648713079514e-05,-0.005098264475086164,-0.0003299676288050512,-0.005215913805659109
34,nn_nr,0.0002589682581692898,4.22863437563592e-05,-8.932807372730167e-05,0.000181337133303467,-7.435586309057448e-05,-1.9184983934288102e-05
35,nn_nr,-3.980976096329414e-06,1.0273997972376492e-06,-6.1541385321106645e-06,4.117204626272067e-07,6.540941741282599e-07,-3.9318897349787826e-07
36,nn_nr,-1.604319180614766e-06,8.03382346248327e-06,5.366774587400869e-06,4.855956387689965e-08,1.781560224829341e-07,-1.2941580310012734e-07
37,nn_nr,-1.8469364704287727e-05,7.326003981233953e-07,-4.1437664094701177e-05,5.936808686979391e-06,-1.201188448262636e-05,5.744491613721584e-06
38,nn_nr,16.090394627048937,-6.408871773310189,-21.23223616674079,30.195118838854924,9.205338143218215,-23.04368644521528
39,nn_nr,4.376677452455624e-06,2.8600679549128927e-06,-1.220058663875534e-05,-8.121466229139118e-07,-1.3462655163475643e-06,1.563777671570053e-06
40,nn_nr,-7.898512552451109e-06,1.1982566491042235e-05,0.00010927971774776779,-1.6035131605164627e-05,-5.173696398245234e-05,-0.00015628445250698373
41,nn_nr,-1.0550382967267069e-07,1.6860083462688635e-07,5.088298848932027e-08,-4.118392627056687e-07,1.6714802095263906e-07,4.140126502194813e-07
42,nn_nr,-2.3547215732833138e-07,-7.057306277147291e-07,1.502130544395186e-07,-6.711554073283163e-07,-5.756828654553294e-07,-5.80604964658175e-07
43,nn_nr,3.1573590604239143e-05,3.2677220218602088e-06,1.7422864289073914e-06,-1.8589467842283414e-06,-6.444797771594136e-06,-1.7998847387266624e-05
44,nn_nr,1.1711540537362453e-06,-6.469625759564224e-07,-7.145072231651284e-07,-0.00015842364188263917,1.9243005546564607e-05,0.00015952144821771368
45,nn_nr,-67.16196364075881,-248.42268534307175,89.76758801202323,-157.05000282158827,110.23686696418626,115.1707958358844
46,nn_nr,-2.8621295200537133e-05,-7.495639778198893e-06,-3.2372759051213507e-07,-1.2948817471357123e-06,-2.6821696506537935e-07,-5.522144175716834e-07
47,nn_nr,1.3436888934847957e-07,6.508469141408568e-07,3.6521282709145453e-07,-2.572813784040719e-07,-1.5114555623938568e-08,4.6216449243065473e-07
48,nn_nr,-1.5794004525560013e-05,-1.8678139639405344e-06,-3.1543096952191263e-06,1.973576010503283e-06,-3.2163992782792363e-07,-8.825381756797507e-07
49,nn_nr,-0.0007096508515331834,0.0003343956933576919,0.0002932498367727021,-0.00038877405452642514,0.0001915749909213048,0.00027380852403279714
50,nn_nr,-3.2910681113662577e-07,-6.827605716352991e-07,2.05039327738632e-06,-9.25642223167067e-07,1.7692552185443827e-06,2.0226078485837236e-07
51,nn_nr,1.1511532509445033e-06,7.636304246716463e-07,-1.1483293519631843e-05,3.6024888466170885e-07,2.210019361523029e-07,-1.1352809279978115e-06
52,nn_nr,9.163241770230576,-10.642568586190587,-11.521439198498946,50.728032001781116,14.351168400004022,-57.18956787743514
53,nn_nr,1.5040332357330044e-07,-2.1812766703988018e-08,6.9512680056504905e-09,3.824904526603083e-08,-5.825437799031203e-08,-1.9110553636854428e-08
54,nn_nr,-3.6433896184462355e-06,-2.733192161485931e-07,-2.1499498643606785e-06,1.0883445920081436e-07,7.299171982902902e-08,5.847350548564614e-08
55,nn_nr,-1.0695591776924402,2.261385206794671,-9.292518319221955,4.936612290556047,-3.9819097907198855,-7.37983652862194
56,nn_nr,-2.0441865913767288e-05,-4.315690853218257e-05,6.736405623541941e-06,-2.9811137509412924e-05,1.931389420730494e-05,3.1352531149579086e-05
57,nn_nr,-6.619416126341093e-09,7.649123290320858e-08,9.606088724467554e-08,1.7084972860198848e-08,-5.363356637133202e-09,-3.0645840244461217e-08
58,nn_nr,-3.6784797430300387e-09,-2.9165789783291984e-09,3.947889126720838e-09,10.793416798781461,-15.989627204369466,4.182724398752173
59,nn_nr,1.1676377198455157e-08,3.0646845061710337e-09,-1.464889010094339e-08,-2.235044474645533e-08,-6.505175767778605e-09,-3.071983266857078e-08
60,nn_nr,20.20485550193834,45.457037419061834,-42.87327130809945,-84.99361950321705,7.010470290622851,56.74685085918979
61,nn_nr,135.67274078318144,-51.61742988278862,68.58286373231294,-79.89743861497575,80.28296160921828,101.36340345750463
62,nn_nr,6.056683474753299e-06,-7.2026026600724435e-06,-1.301320423863217e-06,5.933987840310182e-07,3.3339384321989045e-06,1.5576372163687072e-08
63,nn_nr,1.428031826122833e-08,3.1959573192352764e-06,-4.781273446496925e-06,-1.7066876878060942e-05,7.497409391533661e-06,-2.534643479130826e-05
64,nn_nr,1.9666947537189117e-07,2.0455789240259037e-07,-1.914229414978763e-07,-2.0276990260734358e-07,-1.301645820054562e-08,-3.132454516904808e-08
65,nn_nr,-2.7873660712884885e-08,-1.6877379493962508e-08,-2.3089114620233886e-08,4.8857620017208954e-08,2.5058648891065336e-08,-3.393677289559024e-09
66,nn_nr,-9.233275477527059e-08,4.3490820189617807e-07,3.27754463569363e-07,1.5377600218314327e-08,8.829263051286391e-08,-5.971631358853737e-08
67,nn_nr,3.72148178939824e-08,1.4806786907684e-08,2.8723558642695934e-08,-2.244283349884248e-08,1.8828883714264018e-12,-2.740393902430163e-08
68,nn_nr,-14.669330531402863,0.2920623149086907,18.525829519206468,0.9521395078470302,-0.3289046908065758,16.02372271986357
69,nn_nr,-9.052712357515702e-09,-1.1856940318466513e-08,2.0094148567295633e-08,-17.15262528706412,-27.580302188974706,-9.256352539325066
70,nn_nr,6.839870025032724e-06,-8.786517469161481e-08,-2.3586629822602845e-06,-5.636488424292316e-07,-2.3545674550199985e-06,6.529777231017538e-07
71,nn_nr,68.40292709432077,-85.35315241693075,-90.53724296719474,57.45732169291148,6.480096011645666,-63.680103958060606
72,nn_nr,-10.238470759624306,-12.272726426724034,4.719714089178069,0.08397164830573987,0.266648902155314,-11.66536957250172
73,nn_nr,-2.255342224088963e-08,7.320426220758236e-08,1.1187626114406157e-07,1.04099503835426e-07,-2.357699385381492e-08,-4.777078631589669e-08
74,nn_nr,4.743250549665845e-06,-6.6208739113449155e-06,-2.9185277981014224e-06,1.2947114729602855e-06,5.347742937979774e-06,8.211797798758298e-07
75,nn_nr,-4.743787940242328e-07,-6.09000633744472e-06,2.3325658276007744e-06,1.1347135857426197e-05,-5.388990381199551e-06,1.5300803715419832e-05
76,nn_nr,-49.929536769090305,60.18410108537583,-14.551107307449229,-43.464245261263365,-1.8270084547725927,-15.434229618965315
77,nn_nr,-1.2996792406738678e-06,-3.963724502398236e-06,-1.2075008726242231e-06,1.5086006965117752e-07,5.853706569040051e-08,-1.832227936682427e-06
78,nn_nr,-2.2493333489137513e-05,-1.8570626551195346e-05,-0.0003162785787935718,-1.4537373139673148e-05,7.7879286350254e-06,-2.113889752675064e-05
79,nn_nr,-1.630196891255764e-06,-9.390761590566399e-08,-5.991066132082778e-07,-5.724897666662022e-07,3.575101217477193e-08,-9.868889687794497e-07
80,nn_nr,-4.3482647740233915e-05,-0.0005326381680674785,-0.0001824725528649651,3.134806763547243e-05,0.00028247986340959586,-2.6073302550103276e-05
81,nn_nr,-5.334942329682235e-05,0.0005117836741561632,-0.00014440369318435842,0.0007239272544171359,-0.0003731344355571198,0.0010235940103658094
82,nn_nr,2.409601407293849e-10,2.123442754964344e-09,9.609124163034721e-09,4.280772156875376e-09,-2.0074134483150617e-09,7.643509010493123e-10
83,nn_nr,-4.4237950985959174e-05,-8.012063621265497e-05,1.138988113780215e-05,-4.562038347487852e-05,8.613724972210268e-05,-4.1811422738115926e-05
84,nn_nr,-105.45705999880113,-35.19461982520127,-74.89499071463922,7.344828698514165,-4.873659840952619,6.410788429515558
85,nn_nr,1.2363670606418964e-05,1.3786698900730698e-05,4.670111593441106e-06,-2.89324057197982e-06,2.1304996422658273e-06,1.0001255900639337e-05
86,nn_nr,-5.719698492612224e-09,-1.6825119075747352e-09,-1.830699147831183e-09,4.024777570426923,-2.5314081021550554,-0.20169790018204123
87,nn_nr,8.0058271123562e-09,-4.56394388947956e-09,-1.1256133802817203e-08,-11.46881643446097,-6.572219659793035,-9.533448886443452
88,nn_nr,2.0261339273019985e-09,-1.6302047356475668e-07,-3.79931321958793e-08,2.6831066166185154e-06,-1.7438325615311333e-06,2.823668151988864e-06
89,nn_nr,2.1327679178284598e-08,3.7830830024176976e-07,-3.104768211414921e-07,8.603016202353292e-08,6.998650276604523e-08,-5.10800135175535e-08
90,nn_nr,-1.580351414531833e-05,-1.3540336993855817e-05,1.4196977645042352e-05,-2.1220455625336535e-05,-2.2669117496654258e-05,-3.2794613979927106e-05
91,nn_nr,-3.0475421652909063e-07,-1.0388723126197874e-07,-1.3463607047015103e-06,1.3979509802542811e-07,1.1486748798723908e-07,-6.951114978557242e-09
92,nn_nr,-5.5276246371249727e-05,6.321312895352094e-05,-1.5501433987097357e-05,1.693031363070288e-05,2.6892759919674688e-05,-3.061668771280636e-05
93,nn_nr,-0.00014139734207674337,-0.00057854122644585,-0.00010349475127213736,-0.0001766354859789248,0.00022966852464551834,1.680629790056313e-05
94,nn_nr,-2.343482776723249e-07,-6.492348418873917e-07,-5.719766704714857e-08,-1.1160499203940607e-06,1.1504917144841925e-06,4.399493103136927e-07
95,nn_nr,-1.2663276152125036e-06,-1.227025677508209e-06,1.1163875228703546e-06,-5.1890444294827856e-08,-5.403591671631214e-07,4.5170998374824673e-07
96,nn_nr,-0.00016085880002947306,-0.0006961516704464543,0.00011077331996034445,0.0010722239642942531,0.00117369283862975,-0.0007060141567687476
97,nn_nr,1.6207383168875822e-07,3.122009388789593e-07,-3.662120207081898e-07,7.785114938243115e-08,4.787185162145488e-08,-2.326522316171914e-07
98,nn_nr,2.395839332668878,-0.20312792990461048,3.49551005524836,-0.005790499984207389,0.0036089749517789972,-2.965762095713327
99,nn_nr,-2.6148063214659345e-08,-5.315519047144335e-08,-4.906269168714061e-09,-1.886969659193656e-08,-7.127572152284837e-08,2.0947387576493238e-08
0,nn_only,36.90454983844519,-44.619409020277544,-33.9284261130108,-2.1213769753155063,16.469635821355244,-23.5251208875646
1,nn_only,1.8858566225892446,-18.00660184413968,15.964548323978761,-7.763463625634702,6.03672249457602,-11.246650031406398
2,nn_only,31.00364365967414,-14.236880343527105,-6.597018097378054,18.028930195836566,15.556009686515166,19.344960944503
3,nn_only,2.8668548729055487,-23.82401823054471,-2.635065611961636,10.504493543541745,6.8606351746144085,25.994803560106032
4,nn_only,-26.856792856544814,-36.71026172408624,21.436107132522693,52.74359567907175,9.271029616200288,26.614780238263258
5,nn_only,10.036450487225082,-12.025797008384757,23.024597503602102,-0.22003901904011128,2.414750184708251,31.277332265495275
6,nn_only,28.29037599659364,5.164436905760127,27.358074672773967,-17.877351039228138,-12.4442704389795,-33.19677582477558
7,nn_only,-9.915868783177721,-4.476192225314719,13.260941532953098,-43.288312359890696,-7.922555487159191,43.175236442619756
8,nn_only,-10.179809646610408,1.5303132644070274,33.89104546374108,-18.45680146161046,10.603871692758489,0.09972802171299766
9,nn_only,39.039839400039796,28.66578205396113,11.825449061407767,-47.33292191113928,-24.862274843490344,3.8899178232485805
10,nn_only,75.12744736874257,58.08743517447798,28.394251066410106,5.144909078626296,6.144794709419006,-33.860505092311875
11,nn_only,3.9121154295958718,21.66561455264204,4.030161900043595,-92.0161169030365,19.775054605410315,15.675158378542626
12,nn_only,-5.449370417360754,20.683539041782915,-5.339116581386911,-14.805014505052618,20.57081930549085,-18.393507157422928
13,nn_only,-17.42701314785404,6.558317888604591,15.627716985262282,-9.971157695940336,-14.679635788619969,70.41502821944472
14,nn_only,-24.719479603005766,22.57608852741825,-2.6465013909374875,-21.708847057608796,-21.499935749077633,-0.39509417312379064
15,nn_only,-19.296360052769714,11.62091082381901,-31.455784228269863,-10.064972579584033,-8.99037256266732,-40.42392474417023
16,nn_only,9.886872055233653,-22.55741704736019,8.463748057831822,4.279687964536613,-9.815965342280379,16.112116519720075
17,nn_only,-2.3252291763433846,12.855432417357065,-7.382441500815958,-13.988091566329953,9.207812422557845,-2.579616434708724
18,nn_only,9.024761792066613,-1.9262189104063339,7.513489695858198,8.053626654015646,-25.490439908420203,2.5487574003377307
19,nn_only,-32.1840159471474,24.42842737487203,34.53349879751495,17.34466130224264,-1.3383673275631374,-5.972884820674264
20,nn_only,-0.859025187747136,16.094403648755588,5.625212146793899,-28.283690663631646,1.5692652302157726,1.4919896611603856
21,nn_only,-29.894602111431197,-18.897325909555434,-2.9783095732076106,173.64077852519807,13.602881551515292,44.2369164770365
22,nn_only,21.29099478680236,20.107840132758042,19.903134229867305,-29.32402347033207,-40.71087580261914,-32.03089480702747
23,nn_only,1.7738901213157305,-32.372860690070695,-1.543930335208529,-1.794573290322183,1.9454686048264909,6.47961513662104
24,nn_only,10.01875424087035,2.511990723611774,15.586696207580076,39.02949458765834,-11.2435245768683,-28.047343272473476
25,nn_only,-21.898140666101426,15.437684505019535,-7.3155240086330195,-21.75784359901548,6.458065284252724,27.42612173440285
26,nn_only,4.170480721664845,10.105450207188653,-19.709490988386733,8.47174260930512,-2.2806665525093166,-5.898815757212678
27,nn_only,-4.566688297499809,-11.683220574100005,10.617347744281801,-28.81094112881844,10.256739324461135,-15.738967744131708
28,nn_only,2.1576919321253456,-15.13330827917369,19.336186952636353,-18.940830885928207,3.1783604949631705,5.255197510733898
29,nn_only,-12.367486544758322,-10.187474362444561,6.4194658672228115,-38.10737171022471,-14.880951897984486,23.318370522164223
30,nn_only,7.226592193420956,19.740031080504536,15.9945667776569,-4.7679323788648995,2.4296844241411892,18.989001279377618
31,nn_only,2.3154321467615375,25.268446838914144,11.27906440561992,-13.378158451997253,-9.54441001745926,-0.6209011437590233
32,nn_only,-30.25101469844958,-5.285217505654941,29.461463919356675,-21.642800663495315,-15.563696011040477,8.891235067998863
33,nn_only,11.392732613493068,-39.101982113471195,20.616877560546868,9.630038274764388,-8.449280333049504,10.736298208223879
34,nn_only,-3.966667196720941,12.457609840271743,-13.083825540479097,8.7717488660925,-0.5298546143074456,4.844240836377897
35,nn_only,1.6272166770220196,12.986101977031701,-0.2527987473804387,14.735877780773867,-3.1061886363092506,10.801251308353555
36,nn_only,9.755680930744504,-6.825270225840541,-7.6292002198407545,-28.181087881552664,10.265410381760214,-23.963750476484933
37,nn_only,-31.37734936788243,3.138875131513686,9.205134997357618,6.810175908762473,-14.752363643407005,-1.228595196263446
38,nn_only,-4.701230349389618,2.1165146406793056,19.426922103916468,-6.259459282106158,16.823129057552293,70.03309061699669
39,nn_only,43.265062785217424,-16.505017471871252,26.590601710911983,-27.38536163301349,-34.40619784097362,-11.489229363175863
40,nn_only,2.2715196617405295,18.115509867575923,-28.245507332412842,-17.349538766431106,-13.50376209509379,-0.5103890131519805
41,nn_only,-22.31684312923113,-15.270264460493042,-5.778360308029264,59.15512215051187,19.366471216452883,-50.8423952149671
42,nn_only,13.61238623021643,-27.795263319267406,8.895214150144653,-8.263706821859776,7.321210747985908,16.74695421263081
43,nn_only,33.72525036428311,34.30102376859082,-34.075770899973634,6.737971952734779,-6.819240545249797,23.002280982512374
44,nn_only,-23.938997306132705,19.488963376309584,9.676693600228077,30.706098634941345,25.453936884247213,-17.80870295585288
45,nn_only,-37.423483875159405,9.752826350589487,12.756257631825576,-13.812644764591862,3.238042027855573,-34.952827757659314
46,nn_only,-24.624842893541654,32.41284228142334,-20.69274575194993,7.65362480958639,37.71057445614391,0.35566603328798113
47,nn_only,-4.824906963095515,7.870866058401191,-1.2509212094503823,-68.47584677132178,38.280592251232505,9.258706901259131
48,nn_only,-1.2422610161765988,-38.964703897387764,1.7740252417023612,22.51013016929485,-24.607427744646447,28.83941300797811
49,nn_only,0.15910558378617878,13.341098616529337,-20.38445022523365,-56.94160019397835,-5.870273754098652,-2.050377682091594
50,nn_only,-9.346384747153195,-17.377247738933704,-15.8812077808401,3.2218908507309707,1.1507517276653882,-15.882979889952356
51,nn_only,30.510169224898867,-7.8965412582237775,-3.942092346308982,52.900042929001685,-7.720110166322889,-1.5023705784531445
52,nn_only,2.360866143945236,9.741127562989707,-13.685239414357888,33.41545592103332,22.26951415498273,-17.028917033666048
53,nn_only,14.422403915008871,24.54184223148045,-15.435938267750203,45.47600515278929,40.29169425094344,-120.26286690562532
54,nn_only,-0.9261516891220936,-3.2409096053230044,7.292074903747903,-32.23545004179717,-28.411727259223092,14.088813111615767
55,nn_only,7.823639082672969,7.275830240502501,0.6751450049386563,-47.836915691702416,15.337114309479167,0.4456556282239672
56,nn_only,13.401681852674916,-29.90707567691993,-17.498855154675084,-21.76364112773534,21.15635998935279,49.152654076851825
57,nn_only,5.483042803260332,-18.95789842623509,-6.006887431828034,4.854379722984038,6.588432085440239,-16.226526835849935
58,nn_only,-11.052044245473866,6.642423734405952,4.550642168009176,36.05022528423357,0.3196717598636496,-58.73477723011572
59,nn_only,38.02241062905341,-5.51913492189243,9.197925862413854,18.71316010228194,-49.21598567536793,-25.047276607245074
60,nn_only,-4.0712556251953345,-17.729774872520238,-5.168036157649567,-95.66912471049663,18.318507568186252,-19.321783901381355
61,nn_only,6.905585060003986,6.8174275312206305,12.800730742744008,-19.17175579737396,54.41137956713738,-12.915128252033497
62,nn_only,-26.006071832682892,0.15556490277180046,-5.714400478066807,-5.842960110253284,5.110117349814927,-16.10064281912963
63,nn_only,4.288998856825925,3.0997926737878316,7.608341498531786,21.663473805667014,-10.412769856077432,-20.50195845622047
64,nn_only,-14.163001894584,-19.426828694682996,19.304074394225722,-9.375163157896713,2.4505740302241548,-0.562258486429339
65,nn_only,25.55094727588388,5.014205472308532,0.06595530968252206,-5.351254761544044,14.425482771163386,15.098370682613744
66,nn_only,-11.47659595302163,26.237529217053975,-22.48880416245766,4.3573355258317985,7.678293331219884,-4.883166082455449
67,nn_only,14.758546859063102,42.43410754149552,6.888678946444486,15.76168961655785,-6.046429149275347,33.92393693628901
68,nn_only,-35.84410671923155,2.5272493331372914,31.371910662149958,76.60174202704178,-18.198357427593063,-9.540367068316144
69,nn_only,-9.482697178281853,13.708184777879268,0.9715740438595049,8.056113857992214,-12.63369900826107,115.37054400770408
70,nn_only,24.506923835449754,-5.3878473856125595,38.205459519152555,-14.632556893739565,-5.722450268227492,15.302328552087866
71,nn_only,12.921082586340912,31.00339377305419,-18.7612465143053,14.833344424454166,0.21052965557994333,-15.659042935227241
72,nn_only,-19.133984811658593,-4.396369913516594,14.594799619282867,-17.298655850785444,14.621717604338393,-30.667461423063656
73,nn_only,-10.181839895962185,6.222895413051049,-0.3128866702942332,-17.245628035477978,-5.238000943492193,-19.047770030767666
74,nn_only,-0.8660441011218367,10.73476656151528,-17.812287205189477,28.935815515159476,9.213483378951278,5.930001943454033
75,nn_only,-19.030310940479694,15.399272913249348,1.930506420672856,16.17862692576779,-17.19205571445821,-22.283776075718073
76,nn_only,9.30077578589021,26.889760102107118,-18.296402796466964,-91.65240005021455,-24.665935184505173,-0.19948241280297116
77,nn_only,-5.305206742168231,-22.55268867595209,11.048225158721152,18.79651421256248,-10.01921659027514,41.5311457905009
78,nn_only,-27.179571692746464,-3.3975056442099145,-13.534228048338036,-16.21560715018133,-0.9856002786208096,20.825705374290134
79,nn_only,-1.2791536197565279,-1.0232910572492386,-9.241317351833196,72.58130608789627,33.315273136305315,64.03108639218459
80,nn_only,21.180145768647197,-14.691747417481508,-20.118850148545334,26.07172096290386,-1.3997746987016941,-14.671606463372536
81,nn_only,13.602132982584692,-10.330396085405809,27.063783638101654,0.3674070477377887,-19.96216492710216,19.841597418473917
82,nn_only,10.19601305868569,27.729988000784203,-2.552308927501471,-7.289464468059304,-10.103903426318823,-4.2333587616688915
83,nn_only,-9.952220045431885,11.950329225221424,-1.6054840951840106,45.982551855435624,15.770921238723519,11.842396393997175
84,nn_only,15.939051733740655,14.473712703184106,-10.531422613871769,5.086170979290201,12.619929323061257,-3.6964116447406523
85,nn_only,-46.29986414726571,-2.951832428354109,7.540412990111804,2.686827246721971,20.822284545591256,50.06091513157911
86,nn_only,23.775105816790074,24.677461696922315,-25.109356038908913,-15.541998094617876,16.842894494697358,52.57432580916458
87,nn_only,32.97595375274963,40.239159645986035,23.841041568973424,-49.44865494061729,-4.391271184348048,-50.085108155681596
88,nn_only,11.108796474832594,9.101634741903936,10.011620664614085,3.7298419499920197,-20.81356148230734,14.54211492729751
89,nn_only,-4.106390070728665,-20.05529409880853,11.316089659392105,-5.401074801580507,8.571990376487049,12.198218820929338
90,nn_only,-7.634491542828414,22.20327331563226,-0.4889401756355838,6.9697379967955335,-14.586062892458514,3.4663832882838848
91,nn_only,-2.26479635463215,-36.20511274316783,8.055733124977678,-44.18957336498024,9.082178974621144,-19.950464594119556
92,nn_only,-5.870717363401468,-22.119317520685655,-22.07055458592297,-5.38546741798955,6.826219491251422,-16.485276586901715
93,nn_only,-7.90838503835397,41.27124388978227,-67.72107063566546,-12.58113495644181,11.413821306192073,17.286067586198023
94,nn_only,-6.970629282814173,33.14293462281755,-39.695624689666545,-23.240796340846938,27.623468851130845,23.755604059761293
95,nn_only,18.25729661721809,23.065359531877732,23.05783190857707,4.347495907728121,-2.734114409462005,-14.712610868500445
96,nn_only,-24.54201334459765,-4.993303571218959,-32.00764101728984,12.047080674339544,30.510854507035965,-6.1497939445303365
97,nn_only,-34.45344482468937,48.30927655172155,21.841533669308888,-0.49671924528114353,-7.262807508207308,-8.371565079727645
98,nn_only,2.6795770361317395,-9.196735963908466,-9.664506863844963,11.570489854413388,1.0462120884643495,-12.105490475341341
99,nn_only,24.870432058916126,20.601807120352987,22.551104822838738,-12.995327915709963,-25.905461258007062,1.8854210532064513
