sample_id,mode,enable_nr,candidate_count,initial_pos_err_mm,final_pos_err_mm,final_ori_err_rad,success_tol,nr_converged,nr_iters,total_ms
0,flat,False,5,67.11166483884588,67.11173018961134,0.5025762569753178,0.0,0.0,0,35.43200000000013
0,flat,True,5,67.11166483884588,7.62939453125e-05,3.2098083538618706e-07,1.0,1.0,9,65.84179999999984
0,hierarchical,False,12,67.11166483884588,67.11173018961134,0.5025762569753178,0.0,0.0,0,71.1721999999999
0,hierarchical,True,12,67.11166483884588,7.62939453125e-05,3.2098083538618706e-07,1.0,1.0,9,97.51449999999994
1,flat,False,5,24.138371288499393,24.13832895523666,0.2607502540830922,0.0,0.0,0,35.857499999999874
1,flat,True,5,24.138371288499393,9.1552734375e-05,2.1490760299348766e-07,1.0,1.0,4,57.05319999999992
1,hierarchical,False,12,24.138371288499393,24.13832895523666,0.2607502540830922,0.0,0.0,0,74.7135000000001
1,hierarchical,True,12,24.138371288499393,9.1552734375e-05,2.1490760299348766e-07,1.0,1.0,4,88.18090000000001
2,flat,False,5,36.97168971699288,36.97172201384885,0.26840746779080726,0.0,0.0,0,34.56719999999991
2,flat,True,5,36.97168971699288,0.00032868437543545555,4.016243055415592e-06,1.0,1.0,5,48.40080000000002
2,hierarchical,False,12,34.74817016797671,34.74818492251376,0.5354661200850616,0.0,0.0,0,76.96269999999994
2,hierarchical,True,12,34.74817016797671,8.631674575031098e-05,3.384893146634265e-07,1.0,1.0,6,91.83769999999991
3,flat,False,6,11.858422001320822,11.85839580178212,0.7331933281254842,0.0,0.0,0,42.023699999999884
3,flat,True,6,11.858422001320822,73.27831275998139,0.9086238486373354,0.0,0.0,40,81.15589999999995
3,hierarchical,False,12,24.14013819400876,24.140133038321142,0.5037754126770551,0.0,0.0,0,85.45709999999995
3,hierarchical,True,12,24.14013819400876,0.00012674902134579582,2.0647654623614278e-07,1.0,1.0,5,88.29770000000003
4,flat,False,4,35.167315781264335,35.16731152325012,0.1459517017444611,0.0,0.0,0,40.20709999999994
4,flat,True,4,35.167315781264335,0.0002268382072039567,4.649162292480469e-06,1.0,1.0,5,51.50410000000005
4,hierarchical,False,12,51.175342669246014,51.17544350794212,0.3917108522329709,0.0,0.0,0,72.97020000000009
4,hierarchical,True,12,51.175342669246014,15.890275450320573,0.6407761686204616,0.0,0.0,40,107.05439999999999
5,flat,False,5,42.8650755410235,42.86507334531997,0.3117859435763819,0.0,0.0,0,34.04469999999993
5,flat,True,5,42.8650755410235,0.0009089551908679308,1.635401592439071e-05,1.0,1.0,5,69.63169999999997
5,hierarchical,False,12,27.847481433074794,27.84745756074709,0.5475304328316194,0.0,0.0,0,72.9826
5,hierarchical,True,12,27.847481433074794,1.0789593218788873e-05,4.2146848510894033e-07,1.0,1.0,5,85.30080000000018
6,flat,False,3,54.443169274098715,54.44318632983817,0.37335194740209643,0.0,0.0,0,37.13489999999986
6,flat,True,3,54.443169274098715,0.00024177477840409584,2.2270133128487355e-06,1.0,1.0,4,54.74190000000001
6,hierarchical,False,12,39.692329641166175,39.69234320576351,0.692982484432537,0.0,0.0,0,78.13749999999997
6,hierarchical,True,12,39.692329641166175,0.00012953130223350255,4.3784064465062514e-06,1.0,1.0,5,85.93329999999999
7,flat,False,4,42.58219333998574,42.58218413206892,0.12646523867610732,0.0,0.0,0,32.937
7,flat,True,4,42.58219333998574,0.00020471813758848173,1.1710454645388424e-06,1.0,1.0,4,55.34039999999996
7,hierarchical,False,12,47.60443191541847,47.60443139464864,0.3987618593041845,0.0,0.0,0,81.51680000000016
7,hierarchical,True,12,47.60443191541847,6.151014517439689e-05,3.5669533024984074e-07,1.0,1.0,7,94.19719999999998
8,flat,False,2,53.05502954131654,53.055058818998546,0.2272435456136638,0.0,0.0,0,31.04590000000007
8,flat,True,2,53.05502954131654,0.0004139605702591106,2.847486750354151e-06,1.0,1.0,5,57.52259999999998
8,hierarchical,False,12,35.41995688320499,35.419957691099874,0.3715156206581043,0.0,0.0,0,72.51199999999992
8,hierarchical,True,12,35.41995688320499,0.00012230849870209807,1.4901161193847656e-07,1.0,1.0,16,85.16530000000012
9,flat,False,4,62.57642485096919,62.57642936409776,0.6096663159928952,0.0,0.0,0,33.138400000000125
9,flat,True,4,62.57642485096919,6.115424935104904e-05,3.469923443256324e-07,1.0,1.0,5,47.623799999999996
9,hierarchical,False,12,49.85656793889704,49.85654184124497,0.9356120292431493,0.0,0.0,0,78.67620000000008
9,hierarchical,True,12,49.85656793889704,0.0006028670124859134,3.33437547467838e-05,1.0,1.0,5,96.04950000000012
10,flat,False,5,47.89274406131715,47.8927554373609,1.6641756134640096,0.0,0.0,0,36.52549999999999
10,flat,True,5,47.89274406131715,0.0004028481061213447,4.995779578161303e-07,1.0,1.0,9,66.71229999999983
10,hierarchical,False,12,99.1187013987223,99.1186749630529,0.6073051180812462,0.0,0.0,0,86.38639999999987
10,hierarchical,True,12,99.1187013987223,71.84601339412428,0.31856226921313513,0.0,0.0,40,103.95359999999987
11,flat,False,5,59.424922304858214,59.424874747801454,0.13541125904024293,0.0,0.0,0,35.17060000000005
11,flat,True,5,59.424922304858214,6.103515625e-05,1.7881393432617188e-07,1.0,1.0,5,49.34869999999991
11,hierarchical,False,12,55.18521546928617,55.18528462502753,0.8083463043626887,0.0,0.0,0,75.02739999999997
11,hierarchical,True,12,55.18521546928617,8.217109385886389e-05,6.9510363278929e-07,1.0,1.0,5,101.2443999999999
12,flat,False,4,22.04564789443603,22.045654568367283,0.5465608549752651,0.0,0.0,0,33.73119999999985
12,flat,True,4,22.04564789443603,3.454355292563407e-05,2.60770320892334e-08,1.0,1.0,5,67.1212000000001
12,hierarchical,False,12,22.04564789443603,22.045654568367283,0.5465608549752651,0.0,0.0,0,87.12919999999991
12,hierarchical,True,12,22.04564789443603,3.454355292563407e-05,2.60770320892334e-08,1.0,1.0,5,121.99570000000004
13,flat,False,4,56.01186619990675,56.01198215381615,0.11479349504496994,0.0,0.0,0,34.78709999999996
13,flat,True,4,56.01186619990675,0.00013037115089901017,2.472694934927409e-06,1.0,1.0,32,70.60679999999996
13,hierarchical,False,12,24.309213455162432,24.30918966317684,1.2674011559757408,0.0,0.0,0,74.25360000000003
13,hierarchical,True,12,24.309213455162432,6.103515625e-05,1.7881393432617188e-07,1.0,1.0,8,133.71890000000008
14,flat,False,5,39.67908734783108,39.67910499158622,0.6006335007973772,0.0,0.0,0,45.4485
14,flat,True,5,39.67908734783108,8.631674575031098e-05,0.1085328028737629,0.0,0.0,40,74.19339999999997
14,hierarchical,False,12,33.5817869470815,33.58182800866714,0.533305262187946,0.0,0.0,0,73.11350000000006
14,hierarchical,True,12,33.5817869470815,7.62939453125e-05,2.384185791015625e-07,1.0,1.0,11,94.1223
15,flat,False,5,39.366826294949206,39.36681216092854,0.7426888262025217,0.0,0.0,0,34.83809999999998
15,flat,True,5,39.366826294949206,265.50168044288955,2.8111312213173116,0.0,0.0,40,70.94849999999985
15,hierarchical,False,12,38.68929362403644,38.68930388012184,0.7438102783628514,0.0,0.0,0,90.21999999999997
15,hierarchical,True,12,38.68929362403644,6.866455078125e-05,0.0,1.0,1.0,6,92.22660000000005
16,flat,False,6,30.50150558438276,30.501514023684337,0.914954479034395,0.0,0.0,0,36.2108000000001
16,flat,True,6,30.50150558438276,20.301582635187003,0.2733815409291005,0.0,0.0,40,76.53159999999981
16,hierarchical,False,12,43.21549624532582,43.21549790614117,0.2827718327272995,0.0,0.0,0,83.6922
16,hierarchical,True,12,43.21549624532582,4.315837287515549e-05,1.7881393432617188e-07,1.0,1.0,4,86.5632999999999
17,flat,False,5,25.59093509380237,25.590911562810973,0.21529566220872703,0.0,0.0,0,35.35659999999985
17,flat,True,5,25.59093509380237,9.1552734375e-05,7.545345366699793e-07,1.0,1.0,4,55.16560000000004
17,hierarchical,False,12,15.005641468956659,15.005622988300825,0.2957316685178901,0.0,0.0,0,72.30500000000006
17,hierarchical,True,12,15.005641468956659,0.0002221713223047033,3.803504975686983e-06,1.0,1.0,5,101.79380000000005
18,flat,False,4,33.89594861617225,33.89590658331845,0.4216186624541065,0.0,0.0,0,39.17400000000004
18,flat,True,4,33.89594861617225,1.7059844799040144e-05,1.4675941767984784e-07,1.0,1.0,5,54.96759999999989
18,hierarchical,False,12,11.899965214957422,11.900016422909237,0.4686848768309903,0.0,0.0,0,82.1174
18,hierarchical,True,12,11.899965214957422,3.374444201079203e-05,1.0094780870319793,0.0,0.0,40,101.94579999999998
19,flat,False,5,53.151871893887275,53.151872682144024,0.3210194667175476,0.0,0.0,0,40.28849999999995
19,flat,True,5,53.151871893887275,6.291359902370698e-05,0.12908419573118024,0.0,0.0,40,73.19710000000002
19,hierarchical,False,12,53.151871893887275,53.151872682144024,0.3210194667175476,0.0,0.0,0,80.71199999999989
19,hierarchical,True,12,53.151871893887275,6.291359902370698e-05,0.12908419573118024,0.0,0.0,40,121.84020000000007
20,flat,False,4,78.60669908821203,78.60673503413706,0.4978426790200642,0.0,0.0,0,34.209600000000066
20,flat,True,4,78.60669908821203,0.000213623046875,5.127926709523727e-07,1.0,1.0,5,44.78650000000006
20,hierarchical,False,12,17.070757595122952,17.070716432843284,0.49508805666482597,0.0,0.0,0,78.24200000000015
20,hierarchical,True,12,17.070757595122952,3.0517578125e-05,1.4466410755327046e-07,1.0,1.0,6,90.24849999999995
21,flat,False,4,44.53183351357891,44.53180438517471,0.22595289993922232,0.0,0.0,0,33.71039999999992
21,flat,True,4,44.53183351357891,9.1552734375e-05,1.1920928955078125e-07,1.0,1.0,6,54.70660000000005
21,hierarchical,False,12,35.49178059515268,35.49176922912391,3.136404356091522,0.0,0.0,0,83.92489999999997
21,hierarchical,True,12,35.49178059515268,605.7985453755015,3.008420425920206,0.0,0.0,40,103.51980000000016
22,flat,False,6,37.547421944862776,37.54740949987199,1.0669923908173489,0.0,0.0,0,35.46170000000015
22,flat,True,6,37.547421944862776,0.000217437744140625,0.00014914259387927811,1.0,1.0,27,73.6829000000001
22,hierarchical,False,12,35.408564584917826,35.408588480448515,1.0389114188005462,0.0,0.0,0,73.48580000000004
22,hierarchical,True,12,35.408564584917826,0.00019395025358407838,3.1000906100998575e-05,1.0,1.0,7,100.13269999999986
23,flat,False,5,32.45816563558106,32.458209278350154,0.12216151385623945,0.0,0.0,0,35.22960000000008
23,flat,True,5,32.45816563558106,3.0517578125e-05,2.874031889734553e-07,1.0,1.0,4,58.32519999999985
23,hierarchical,False,12,32.45816563558106,32.458209278350154,0.12216151385623945,0.0,0.0,0,71.98970000000004
23,hierarchical,True,12,32.45816563558106,3.0517578125e-05,2.874031889734553e-07,1.0,1.0,4,105.61740000000009
24,flat,False,4,18.77473205875238,18.77472574446547,0.36632320370880855,0.0,0.0,0,33.42509999999987
24,flat,True,4,18.77473205875238,4.315837287515549e-05,1.7881393432617188e-07,1.0,1.0,4,51.60449999999983
24,hierarchical,False,12,18.69841256744013,18.698441235409316,0.8614878133637773,0.0,0.0,0,76.70279999999985
24,hierarchical,True,12,18.69841256744013,25.615518570369446,0.6939858854807717,0.0,0.0,40,106.14339999999989
25,flat,False,4,37.94554076076247,37.945562332203025,0.4614725744884569,0.0,0.0,0,33.941299999999956
25,flat,True,4,37.94554076076247,0.00012315329328428594,1.3657139822709083e-07,1.0,1.0,5,52.93490000000012
25,hierarchical,False,12,36.99394939208688,36.993950162743985,0.39465499076307275,0.0,0.0,0,87.3873999999999
25,hierarchical,True,12,36.99394939208688,0.0001261880867540214,8.429369702178807e-08,1.0,1.0,8,117.76359999999997
26,flat,False,3,22.538346623777,22.538337845130176,0.18451677623666654,0.0,0.0,0,40.18109999999986
26,flat,True,3,22.538346623777,3.411968959808029e-05,5.960464477539063e-08,1.0,1.0,6,47.213200000000064
26,hierarchical,False,12,22.538346623777,22.538337845130176,0.18451677623666654,0.0,0.0,0,70.22499999999998
26,hierarchical,True,12,22.538346623777,3.411968959808029e-05,5.960464477539063e-08,1.0,1.0,6,108.47299999999981
27,flat,False,3,16.434121763620137,16.43418070114013,0.6002985249396401,0.0,0.0,0,38.06080000000001
27,flat,True,3,16.434121763620137,6.291359902370698e-05,2.384185791015625e-07,1.0,1.0,5,60.92130000000018
27,hierarchical,False,12,16.434121763620137,16.43418070114013,0.6002985249396401,0.0,0.0,0,72.9426999999998
27,hierarchical,True,12,16.434121763620137,6.291359902370698e-05,2.384185791015625e-07,1.0,1.0,5,90.89630000000004
28,flat,False,3,41.477188055140104,41.477216654731635,0.2881381926587952,0.0,0.0,0,33.804100000000005
28,flat,True,3,41.477188055140104,0.000139849111784541,1.4901161193847656e-07,1.0,1.0,38,65.29460000000009
28,hierarchical,False,12,24.648748039902234,24.648725207541904,0.34752417545329434,0.0,0.0,0,73.24100000000011
28,hierarchical,True,12,24.648748039902234,2.1579186437577746e-05,8.429369702178807e-08,1.0,1.0,18,101.12699999999997
29,flat,False,5,19.488155523771898,19.48819225116743,0.2787021126371939,0.0,0.0,0,35.915200000000034
29,flat,True,5,19.488155523771898,0.00011645765321711538,3.371747880871523e-07,1.0,1.0,4,55.10309999999996
29,hierarchical,False,12,17.261196346082833,17.261184763879577,0.8218557962244254,0.0,0.0,0,75.8407000000001
29,hierarchical,True,12,17.261196346082833,5.958747616505931e-05,1.812804499357408e-07,1.0,1.0,5,95.32360000000017
30,flat,False,3,26.414364050364526,26.41432532604346,0.34432944645479285,0.0,0.0,0,38.554100000000034
30,flat,True,3,26.414364050364526,0.00010488683383840576,1.1006704159152143e-06,1.0,1.0,4,57.806900000000105
30,hierarchical,False,12,26.414364050364526,26.41432532604346,0.34432944645479285,0.0,0.0,0,73.53889999999996
30,hierarchical,True,12,26.414364050364526,0.00010488683383840576,1.1006704159152143e-06,1.0,1.0,4,94.23399999999992
31,flat,False,6,41.33753987801482,41.33753176692667,0.4205035160270559,0.0,0.0,0,36.036599999999865
31,flat,True,6,41.33753987801482,0.00013647875839232116,3.961211866447514e-05,1.0,1.0,4,52.555800000000154
31,hierarchical,False,12,43.815614074949714,43.81563477570522,2.123229869168488,0.0,0.0,0,72.31880000000012
31,hierarchical,True,12,43.815614074949714,9.1552734375e-05,9.562041583135355e-06,1.0,1.0,10,105.57979999999989
32,flat,False,3,61.50041582147595,61.50038143180569,0.13555982042629072,0.0,0.0,0,32.43570000000018
32,flat,True,3,61.50041582147595,3.0517578125e-05,4.470348358154297e-08,1.0,1.0,4,56.89199999999994
32,hierarchical,False,12,42.556260067098776,42.556292166017066,0.49046357877798485,0.0,0.0,0,73.38909999999998
32,hierarchical,True,12,42.556260067098776,3.814697265625e-05,1.1920928955078125e-06,1.0,1.0,4,102.71629999999999
33,flat,False,5,45.648822567850964,45.64885644618628,0.29173438813868324,0.0,0.0,0,34.203299999999935
33,flat,True,5,45.648822567850964,9.650505554713072e-05,0.00012861931393231207,1.0,1.0,4,58.390100000000004
33,hierarchical,False,12,45.648822567850964,45.64885644618628,0.29173438813868324,0.0,0.0,0,72.83609999999996
33,hierarchical,True,12,45.648822567850964,9.650505554713072e-05,0.00012861931393231207,1.0,1.0,4,88.8017000000001
34,flat,False,2,18.49629645092244,18.496343024968358,0.17513502608122036,0.0,0.0,0,34.74939999999993
34,flat,True,2,18.49629645092244,0.0002807627553506042,3.6631406695388444e-06,1.0,1.0,3,47.177499999999874
34,hierarchical,False,12,18.49629645092244,18.496343024968358,0.17513502608122036,0.0,0.0,0,87.89500000000005
34,hierarchical,True,12,18.49629645092244,0.0002807627553506042,3.6631406695388444e-06,1.0,1.0,3,101.07080000000002
35,flat,False,2,13.09009495272307,13.090009118336518,0.3234569212789268,0.0,0.0,0,38.15340000000012
35,flat,True,2,13.09009495272307,7.62939453125e-06,7.078051567077637e-08,1.0,1.0,4,47.4292999999999
35,hierarchical,False,12,13.09009495272307,13.090009118336518,0.3234569212789268,0.0,0.0,0,74.23190000000002
35,hierarchical,True,12,13.09009495272307,7.62939453125e-06,7.078051567077637e-08,1.0,1.0,4,84.11619999999998
36,flat,False,3,14.140803371957405,14.140772514181403,0.6700368409000048,0.0,0.0,0,39.295700000000046
36,flat,True,3,14.140803371957405,3.814697265625e-05,1.1920928955078125e-07,1.0,1.0,10,49.909699999999944
36,hierarchical,False,12,14.140803371957405,14.140772514181403,0.6700368409000048,0.0,0.0,0,73.62350000000006
36,hierarchical,True,12,14.140803371957405,3.814697265625e-05,1.1920928955078125e-07,1.0,1.0,10,99.0392
37,flat,False,4,32.850039578109296,32.85003676202878,0.2843977170364374,0.0,0.0,0,35.800000000000054
37,flat,True,4,32.850039578109296,5.501634636633284e-05,4.861182683169442e-07,1.0,1.0,7,51.36870000000005
37,hierarchical,False,12,32.850039578109296,32.85003676202878,0.2843977170364374,0.0,0.0,0,75.2508999999999
37,hierarchical,True,12,32.850039578109296,5.501634636633284e-05,4.861182683169442e-07,1.0,1.0,7,95.85069999999996
38,flat,False,5,20.099415500030226,20.099374240793217,1.2618179205794904,0.0,0.0,0,42.93519999999984
38,flat,True,5,20.099415500030226,27.400364750602563,0.6821301356372422,0.0,0.0,40,69.84020000000002
38,hierarchical,False,12,20.099415500030226,20.099374240793217,1.2618179205794904,0.0,0.0,0,72.89089999999999
38,hierarchical,True,12,20.099415500030226,27.400364750602563,0.6821301356372422,0.0,0.0,40,103.10220000000014
39,flat,False,5,152.8157403726047,152.81577064693488,0.8212269084046525,0.0,0.0,0,36.28159999999991
39,flat,True,5,152.8157403726047,0.0,5.960464477539063e-08,1.0,1.0,7,53.53800000000008
39,hierarchical,False,12,53.39795275603799,53.39788067555243,0.7932606116042843,0.0,0.0,0,85.69040000000005
39,hierarchical,True,12,53.39795275603799,6.130279037471083e-05,2.457562461863554e-07,1.0,1.0,6,94.90979999999993
40,flat,False,5,33.63242756108152,33.63239549360354,0.38382105934542365,0.0,0.0,0,41.10320000000001
40,flat,True,5,33.63242756108152,0.00012393730680567084,3.077333318873284e-06,1.0,1.0,5,63.012099999999904
40,hierarchical,False,12,33.63242756108152,33.63239549360354,0.38382105934542365,0.0,0.0,0,71.45619999999985
40,hierarchical,True,12,33.63242756108152,0.00012393730680567084,3.077333318873284e-06,1.0,1.0,5,90.70350000000005
41,flat,False,6,27.651616802161623,27.651606611848468,1.4027213229357356,0.0,0.0,0,38.728099999999934
41,flat,True,6,27.651616802161623,6.103515625e-05,2.1490760299348766e-07,1.0,1.0,5,47.15340000000001
41,hierarchical,False,12,27.651616802161623,27.651606611848468,1.4027213229357356,0.0,0.0,0,72.55840000000013
41,hierarchical,True,12,27.651616802161623,6.103515625e-05,2.1490760299348766e-07,1.0,1.0,5,98.59589999999984
42,flat,False,2,103.13562143124213,103.13564193416802,0.6983021790670715,0.0,0.0,0,31.763399999999997
42,flat,True,2,103.13562143124213,0.00013302303904848248,4.272451624264103e-06,1.0,1.0,5,56.88660000000012
42,hierarchical,False,12,32.20246196678465,32.20253206468482,0.35008947428629156,0.0,0.0,0,78.15550000000005
42,hierarchical,True,12,32.20246196678465,5.285799583645255e-05,8.429369702178807e-08,1.0,1.0,5,104.41900000000004
43,flat,False,3,67.11677707945258,67.1167821766338,0.27896448244117494,0.0,0.0,0,38.53280000000004
43,flat,True,3,67.11677707945258,4.718519926778023e-05,5.972094663188382e-08,1.0,1.0,5,47.93289999999995
43,hierarchical,False,12,58.950071298240196,58.95009898630735,0.43493623496497,0.0,0.0,0,87.81609999999995
43,hierarchical,True,12,58.950071298240196,1.52587890625e-05,2.5463115409962923e-07,1.0,1.0,5,106.91779999999996
44,flat,False,4,32.350172868695445,32.35017023439275,0.7623548654939768,0.0,0.0,0,41.567799999999934
44,flat,True,4,32.350172868695445,0.00011003269273266568,3.562343787547096e-06,1.0,1.0,6,48.577300000000044
44,hierarchical,False,12,32.350172868695445,32.35017023439275,0.7623548654939768,0.0,0.0,0,73.42899999999997
44,hierarchical,True,12,32.350172868695445,0.00011003269273266568,3.562343787547096e-06,1.0,1.0,6,95.35770000000011
45,flat,False,6,52.98007165689946,52.98005556935383,0.8897989039310641,0.0,0.0,0,36.89169999999997
45,flat,True,6,52.98007165689946,41.39841252496649,0.3960478280909439,0.0,0.0,40,66.9964999999999
45,hierarchical,False,12,40.72292813537296,40.72290592204686,0.6583788176451282,0.0,0.0,0,73.23849999999999
45,hierarchical,True,12,40.72292813537296,272.5486826241066,3.9058418531925385,0.0,0.0,40,106.23709999999997
46,flat,False,5,67.16644293191251,67.1664231612624,0.6074596277866048,0.0,0.0,0,34.824600000000096
46,flat,True,5,67.16644293191251,0.00017330652910767437,3.476316674735607e-07,1.0,1.0,5,45.46150000000004
46,hierarchical,False,12,45.663606503034046,45.66363736836889,0.6716211362095209,0.0,0.0,0,71.75430000000004
46,hierarchical,True,12,45.663606503034046,0.0,3.47551816394645e-07,1.0,1.0,6,96.62599999999988
47,flat,False,5,45.18141120251966,45.18139371609743,0.2793184994437435,0.0,0.0,0,39.666100000000036
47,flat,True,5,45.18141120251966,2.6428997918226276e-05,5.960464477539063e-08,1.0,1.0,5,63.41020000000008
47,hierarchical,False,12,9.316386827777865,9.316383093141871,1.3787072564867242,0.0,0.0,0,71.77919999999993
47,hierarchical,True,12,9.316386827777865,2.6428997918226276e-05,5.960464477539063e-08,1.0,1.0,6,82.12229999999998
48,flat,False,5,116.97663911119643,116.97662606139211,0.19605311316021543,0.0,0.0,0,33.76550000000012
48,flat,True,5,116.97663911119643,6.103515625e-05,1.660994947672483e-07,1.0,1.0,7,51.177699999999994
48,hierarchical,False,12,39.02484500992548,39.02483724755908,0.7695188376971845,0.0,0.0,0,79.6367
48,hierarchical,True,12,39.02484500992548,8.631674575031098e-05,1.6118070224511577e-07,1.0,1.0,7,94.55220000000008
49,flat,False,5,32.20050049208094,32.20049859178656,0.23675851908093745,0.0,0.0,0,34.37859999999993
49,flat,True,5,32.20050049208094,6.291359902370698e-05,5.960464477539063e-08,1.0,1.0,6,47.6850000000002
49,hierarchical,False,12,58.01973891139914,58.019781778156634,1.5773775245758785,0.0,0.0,0,71.021
49,hierarchical,True,12,58.01973891139914,6.99245558922705e-05,2.9200193199910854e-07,1.0,1.0,6,105.68339999999998
50,flat,False,5,25.32856899815445,25.328548484214764,0.2835685827730629,0.0,0.0,0,46.280199999999994
50,flat,True,5,25.32856899815445,4.320049916422319e-05,2.600512965318849e-07,1.0,1.0,4,53.262099999999975
50,hierarchical,False,12,25.32856899815445,25.328548484214764,0.2835685827730629,0.0,0.0,0,71.10780000000005
50,hierarchical,True,12,25.32856899815445,4.320049916422319e-05,2.600512965318849e-07,1.0,1.0,4,105.42629999999997
51,flat,False,4,33.357701189784784,33.357707923594624,0.2446284788747642,0.0,0.0,0,35.0587
51,flat,True,4,33.357701189784784,0.0005034244289039191,1.7359692906392454e-06,1.0,1.0,5,50.664800000000064
51,hierarchical,False,12,31.761074950120854,31.761084487318765,0.9334281848239419,0.0,0.0,0,72.99649999999991
51,hierarchical,True,12,31.761074950120854,8.529922399520072e-05,1.9082797281243946e-07,1.0,1.0,6,102.8557000000001
52,flat,False,4,30.368864052228375,30.368881875443087,1.2463793340349323,0.0,0.0,0,36.845400000000026
52,flat,True,4,30.368864052228375,18.165163635891076,1.3575403191949955,0.0,0.0,40,75.17250000000008
52,hierarchical,False,12,16.96316695035352,16.96317647132161,0.7612735328471291,0.0,0.0,0,71.75390000000004
52,hierarchical,True,12,16.96316695035352,18.165163635891076,1.3575403191949955,0.0,0.0,40,117.2613
53,flat,False,4,52.547647231131876,52.54767226376684,0.348566038134667,0.0,0.0,0,40.22079999999995
53,flat,True,4,52.547647231131876,9.7703922079969e-05,2.4027400458748785e-07,1.0,1.0,5,62.14849999999994
53,hierarchical,False,12,52.547647231131876,52.54767226376684,0.348566038134667,0.0,0.0,0,82.50789999999996
53,hierarchical,True,12,52.547647231131876,9.7703922079969e-05,2.4027400458748785e-07,1.0,1.0,5,99.09949999999989
54,flat,False,5,68.00278379326619,68.00280119437781,0.10406948015740143,0.0,0.0,0,39.16079999999988
54,flat,True,5,68.00278379326619,42.20107974120321,0.06815028190620634,0.0,0.0,40,73.47159999999997
54,hierarchical,False,12,8.033405784468869,8.03343242788227,0.7892370409504241,0.0,0.0,0,81.71780000000007
54,hierarchical,True,12,8.033405784468869,6.151014517439689e-05,8.847564458847046e-08,1.0,1.0,6,96.46109999999996
55,flat,False,4,51.96855767898216,51.96852443842028,0.4988426819910641,0.0,0.0,0,33.9315
55,flat,True,4,51.96855767898216,0.00011108566115235165,2.457562461863554e-07,1.0,1.0,5,46.70520000000011
55,hierarchical,False,12,10.705272303204833,10.705241174270476,0.8768080265490645,0.0,0.0,0,72.77749999999995
55,hierarchical,True,12,10.705272303204833,9.623355528728977,0.16983381747215445,0.0,0.0,40,116.5103999999999
56,flat,False,2,60.46534287065084,60.46534843893943,0.27793580890452296,0.0,0.0,0,35.080599999999905
56,flat,True,2,60.46534287065084,0.0006661754714183823,3.1988111402391746e-05,1.0,1.0,4,48.54910000000001
56,hierarchical,False,12,37.15169153318385,37.15170916730281,1.0082551488043723,0.0,0.0,0,73.17300000000016
56,hierarchical,True,12,37.15169153318385,7.085485695269283e-05,9.083599242048366e-07,1.0,1.0,5,93.17789999999992
57,flat,False,3,20.628823711699624,20.628810472506242,0.3171856656061721,0.0,0.0,0,33.72859999999989
57,flat,True,3,20.628823711699624,4.315837287515549e-05,3.0321666218526114e-08,1.0,1.0,13,51.89869999999996
57,hierarchical,False,12,20.628823711699624,20.628810472506242,0.3171856656061721,0.0,0.0,0,73.4745000000001
57,hierarchical,True,12,20.628823711699624,4.315837287515549e-05,3.0321666218526114e-08,1.0,1.0,13,89.59490000000004
58,flat,False,5,54.966471961467704,54.96654164825465,0.3505613329961417,0.0,0.0,0,34.632500000000064
58,flat,True,5,54.966471961467704,0.0,1.6858739404357614e-07,1.0,1.0,4,60.69140000000006
58,hierarchical,False,12,13.673983301690628,13.673998138227697,1.2028211283348753,0.0,0.0,0,87.21929999999989
58,hierarchical,True,12,13.673983301690628,3.0517578125e-05,0.34452517167799074,0.0,0.0,40,107.34619999999984
59,flat,False,6,72.94812300078243,72.94811644624922,0.6546586596989484,0.0,0.0,0,37.04529999999995
59,flat,True,6,72.94812300078243,3.0517578125e-05,9.657056180250437e-08,1.0,1.0,5,58.244799999999984
59,hierarchical,False,12,39.506536177433404,39.50655776166264,1.0176573987928694,0.0,0.0,0,75.1516000000001
59,hierarchical,True,12,39.506536177433404,3.0517578125e-05,1.769414855098414e-07,1.0,1.0,6,88.0417
60,flat,False,4,45.92555464388152,45.92552678700375,0.23136081538827516,0.0,0.0,0,35.4954999999999
60,flat,True,4,45.92555464388152,7.475249459177179e-05,2.384185791015625e-07,1.0,1.0,5,52.69959999999996
60,hierarchical,False,12,18.911071809141305,18.911141272996534,1.7331992466786128,0.0,0.0,0,85.13389999999998
60,hierarchical,True,12,18.911071809141305,65.67115117457718,1.787856821362838,0.0,0.0,40,124.93690000000002
61,flat,False,4,56.9256132388205,56.92556089583238,0.10302739952548026,0.0,0.0,0,35.990999999999886
61,flat,True,4,56.9256132388205,7.62939453125e-06,4.995779578161303e-07,1.0,1.0,28,53.91060000000003
61,hierarchical,False,12,33.72524684758443,33.72519019767067,0.5874023188465323,0.0,0.0,0,82.08189999999993
61,hierarchical,True,12,33.72524684758443,239.14851920112883,2.664871740606403,0.0,0.0,40,115.37680000000017
62,flat,False,3,26.62694773222051,26.626945838480925,0.31196228641612017,0.0,0.0,0,34.27369999999996
62,flat,True,3,26.62694773222051,3.411968959808029e-05,1.7881393432617188e-07,1.0,1.0,4,56.421899999999916
62,hierarchical,False,12,26.62694773222051,26.626945838480925,0.31196228641612017,0.0,0.0,0,82.80189999999999
62,hierarchical,True,12,26.62694773222051,3.411968959808029e-05,1.7881393432617188e-07,1.0,1.0,4,85.60290000000003
63,flat,False,5,17.27226405810794,17.27226969568355,0.11377247724038184,0.0,0.0,0,39.39999999999988
63,flat,True,5,17.27226405810794,0.0006918552239724439,7.183390954879427e-05,1.0,1.0,11,56.17879999999986
63,hierarchical,False,12,17.27226405810794,17.27226969568355,0.11377247724038184,0.0,0.0,0,79.02929999999996
63,hierarchical,True,12,17.27226405810794,0.0006918552239724439,7.183390954879427e-05,1.0,1.0,11,111.32819999999998
64,flat,False,3,30.832443690883146,30.83249760877374,0.16940952315583188,0.0,0.0,0,36.16929999999985
64,flat,True,3,30.832443690883146,6.103515625e-05,4.470348358154297e-08,1.0,1.0,5,54.970199999999856
64,hierarchical,False,12,30.832443690883146,30.83249760877374,0.16940952315583188,0.0,0.0,0,81.6074
64,hierarchical,True,12,30.832443690883146,6.103515625e-05,4.470348358154297e-08,1.0,1.0,5,100.96649999999995
65,flat,False,6,24.48542850141041,24.485472604768823,0.4989400825747724,0.0,0.0,0,36.54179999999996
65,flat,True,6,24.48542850141041,1.7059844799040144e-05,3.5762786865234375e-07,1.0,1.0,5,53.20020000000003
65,hierarchical,False,12,26.03838538425038,26.038412561180067,0.37623540151954077,0.0,0.0,0,80.25839999999995
65,hierarchical,True,12,26.03838538425038,3.259278772475254e-05,3.769728732309794e-07,1.0,1.0,7,123.5679999999999
66,flat,False,3,36.41244988715243,36.41242118673013,0.17608634631680173,0.0,0.0,0,38.44439999999993
66,flat,True,3,36.41244988715243,6.473755931273323e-05,1.6858739404357614e-07,1.0,1.0,4,62.99840000000012
66,hierarchical,False,12,36.41244988715243,36.41242118673013,0.17608634631680173,0.0,0.0,0,71.2355
66,hierarchical,True,12,36.41244988715243,6.473755931273323e-05,1.6858739404357614e-07,1.0,1.0,4,86.56949999999996
67,flat,False,3,20.136879778052712,20.136838631368196,0.23822037530022006,0.0,0.0,0,33.696599999999854
67,flat,True,3,20.136879778052712,8.0108642578125e-05,1.424923539161682e-07,1.0,1.0,4,55.93440000000016
67,hierarchical,False,12,45.45241562229004,45.452406165298136,0.6613448321802565,0.0,0.0,0,85.16499999999994
67,hierarchical,True,12,45.45241562229004,3.411968959808029e-05,8.754432201385498e-08,1.0,1.0,5,98.99230000000014
68,flat,False,5,35.05612329604367,35.05614914935932,0.36079609982423466,0.0,0.0,0,35.52210000000011
68,flat,True,5,35.05612329604367,6.823937919616058e-05,2.457562461863554e-07,1.0,1.0,4,66.25609999999993
68,hierarchical,False,12,47.70098273928944,47.70097378898133,1.3842151074367057,0.0,0.0,0,88.32599999999991
68,hierarchical,True,12,47.70098273928944,23.632227298352056,0.2802186371193948,0.0,0.0,40,105.37219999999992
69,flat,False,5,36.914044128978574,36.91397800416018,0.21772185933924756,0.0,0.0,0,34.00840000000005
69,flat,True,5,36.914044128978574,3.0517578125e-05,1.1920928955078125e-07,1.0,1.0,4,58.2068
69,hierarchical,False,12,47.57351007239815,47.57351879286908,0.33413231126876547,0.0,0.0,0,91.15990000000008
69,hierarchical,True,12,47.57351007239815,0.00017059844799040144,1.5542989743239043e-06,1.0,1.0,4,90.59890000000004
70,flat,False,4,45.70859167249491,45.70860378711079,0.3827880343378959,0.0,0.0,0,44.006199999999886
70,flat,True,4,45.70859167249491,0.00012230849870209807,8.940696716308594e-08,1.0,1.0,4,51.32029999999999
70,hierarchical,False,12,45.70859167249491,45.70860378711079,0.3827880343378959,0.0,0.0,0,71.27909999999993
70,hierarchical,True,12,45.70859167249491,0.00012230849870209807,8.940696716308594e-08,1.0,1.0,4,118.6297999999999
71,flat,False,5,38.472706836280544,38.47267174547256,0.3764727811073382,0.0,0.0,0,40.96929999999999
71,flat,True,5,38.472706836280544,141.98982205427623,1.501236065698848,0.0,0.0,40,96.12849999999983
71,hierarchical,False,12,38.472706836280544,38.47267174547256,0.3764727811073382,0.0,0.0,0,82.03099999999996
71,hierarchical,True,12,38.472706836280544,141.98982205427623,1.501236065698848,0.0,0.0,40,116.75390000000019
72,flat,False,3,31.215654970326778,31.215604291840023,0.28394500510142107,0.0,0.0,0,35.49669999999993
72,flat,True,3,31.215654970326778,4.315837287515549e-05,2.827296549232345e-07,1.0,1.0,4,50.61300000000002
72,hierarchical,False,12,24.46314818247584,24.463237778280977,0.6654103195865699,0.0,0.0,0,81.09560000000005
72,hierarchical,True,12,24.46314818247584,16.665016029223516,0.20365770182740314,0.0,0.0,40,96.08649999999996
73,flat,False,3,32.509972233983774,32.50994021495809,0.13757721286884225,0.0,0.0,0,38.20659999999987
73,flat,True,3,32.509972233983774,6.103515625e-05,2.2696772533249583e-07,1.0,1.0,4,44.6164
73,hierarchical,False,12,11.937009216560677,11.937057502841112,0.4576844450089033,0.0,0.0,0,75.60809999999995
73,hierarchical,True,12,11.937009216560677,3.0517578125e-05,4.2146848510894035e-08,1.0,1.0,5,90.68990000000011
74,flat,False,4,36.2927003442,36.292697762505355,0.4052913950378897,0.0,0.0,0,37.74999999999995
74,flat,True,4,36.2927003442,5.394796609394436e-05,2.1950781140709273e-07,1.0,1.0,11,59.14649999999999
74,hierarchical,False,12,20.814966272272382,20.815000205362875,0.5400194223939159,0.0,0.0,0,77.83910000000004
74,hierarchical,True,12,20.814966272272382,4.464988674438334e-05,1.257802770743827e-07,1.0,1.0,16,107.12529999999987
75,flat,False,5,24.556408448108296,24.55636663720373,0.5665954365568975,0.0,0.0,0,41.60629999999998
75,flat,True,5,24.556408448108296,1.52587890625e-05,3.4240261593687705e-07,1.0,1.0,5,53.458000000000006
75,hierarchical,False,12,38.71392831355437,38.713993254178135,0.6444089712721082,0.0,0.0,0,86.10969999999996
75,hierarchical,True,12,38.71392831355437,34.524020553069924,1.1009017059955415,0.0,0.0,40,134.3014
76,flat,False,3,34.813254286532036,34.81311899169243,0.16785063752920232,0.0,0.0,0,37.28569999999998
76,flat,True,3,34.813254286532036,0.0,2.6656007498500226e-07,1.0,1.0,4,54.263799999999975
76,hierarchical,False,12,33.82782854814164,33.827801622790574,1.6565564247422837,0.0,0.0,0,86.88659999999993
76,hierarchical,True,12,33.82782854814164,79.5412449127757,0.8056342961039966,0.0,0.0,40,114.47699999999995
77,flat,False,5,28.787691118772212,28.787672736155102,0.43494569824964574,0.0,0.0,0,40.824900000000056
77,flat,True,5,28.787691118772212,8.529922399520072e-06,2.3853496601554932e-08,1.0,1.0,6,47.886000000000095
77,hierarchical,False,12,28.787691118772212,28.787672736155102,0.43494569824964574,0.0,0.0,0,74.49330000000009
77,hierarchical,True,12,28.787691118772212,8.529922399520072e-06,2.3853496601554932e-08,1.0,1.0,6,125.62530000000005
78,flat,False,5,30.552372916609876,30.55245611067371,0.4609874377842535,0.0,0.0,0,43.81879999999994
78,flat,True,5,30.552372916609876,0.00024851222953647354,6.07850493620966e-07,1.0,1.0,4,65.30599999999987
78,hierarchical,False,12,30.552372916609876,30.55245611067371,0.4609874377842535,0.0,0.0,0,73.61639999999991
78,hierarchical,True,12,30.552372916609876,0.00024851222953647354,6.07850493620966e-07,1.0,1.0,4,85.23189999999991
79,flat,False,3,16.30217238250207,16.30218312247892,0.5288259329263509,0.0,0.0,0,33.66249999999993
79,flat,True,3,16.30217238250207,7.817803013580016e-05,1.4904327354232543e-06,1.0,1.0,4,52.507099999999916
79,hierarchical,False,12,9.385377187381824,9.385343703863786,1.7865500624729653,0.0,0.0,0,84.03780000000016
79,hierarchical,True,12,9.385377187381824,8.529922399520072e-06,7.450580596923828e-09,1.0,1.0,6,105.96340000000004
80,flat,False,5,32.69884016926646,32.69890097238041,0.5227108696622822,0.0,0.0,0,39.37219999999986
80,flat,True,5,32.69884016926646,0.0005630394952842756,4.9062062623423646e-06,1.0,1.0,4,49.19409999999979
80,hierarchical,False,12,43.62578558809016,43.62583142429076,0.46121322455791736,0.0,0.0,0,82.4206999999999
80,hierarchical,True,12,43.62578558809016,6.291359902370698e-05,2.5006834910429973e-07,1.0,1.0,5,107.57740000000004
81,flat,False,5,44.05151474127788,44.05152510676076,0.4714886299339051,0.0,0.0,0,40.39179999999987
81,flat,True,5,44.05151474127788,0.0005270360119375776,8.559235291224627e-06,1.0,1.0,7,48.38249999999999
81,hierarchical,False,12,32.00286690046164,32.002921815288005,0.4912756083856637,0.0,0.0,0,76.8799
81,hierarchical,True,12,32.00286690046164,0.0005412570160076278,2.2856185818844333e-05,1.0,1.0,5,114.06249999999996
82,flat,False,3,63.72728588896617,63.72734267052754,0.11165360084895355,0.0,0.0,0,40.55439999999999
82,flat,True,3,63.72728588896617,0.0002760603005606909,2.608895029464962e-06,1.0,1.0,4,49.6896
82,hierarchical,False,12,29.655104072163716,29.655100621752393,0.22965947649831442,0.0,0.0,0,85.51519999999991
82,hierarchical,True,12,29.655104072163716,3.104938620777074e-05,1.9428737179048804e-07,1.0,1.0,6,115.76079999999989
83,flat,False,4,19.75588047298432,19.755889349608044,0.12949999794960576,0.0,0.0,0,34.86290000000003
83,flat,True,4,19.75588047298432,45.23225134198218,1.0233608110563255,0.0,0.0,40,64.09169999999986
83,hierarchical,False,12,15.634405380135725,15.634410355488368,0.8732508107911154,0.0,0.0,0,83.7044
83,hierarchical,True,12,15.634405380135725,4.76837158203125e-05,1.5184568408557172e-06,1.0,1.0,5,95.47420000000018
84,flat,False,3,27.869054033201994,27.86907375401808,0.5146901927173978,0.0,0.0,0,37.39260000000022
84,flat,True,3,27.869054033201994,3.411968959808029e-05,6.664001874625056e-08,1.0,1.0,6,53.64839999999993
84,hierarchical,False,12,23.967740650860033,23.967766483487768,0.2460822576262949,0.0,0.0,0,75.72899999999993
84,hierarchical,True,12,23.967740650860033,134.04886499526376,0.1902305504348769,0.0,0.0,40,125.67489999999992
85,flat,False,3,48.18606609602989,48.186088598905734,0.22613391156200213,0.0,0.0,0,32.96100000000002
85,flat,True,3,48.18606609602989,4.382753483992026e-05,0.0837035704218757,0.0,0.0,40,103.19049999999996
85,hierarchical,False,12,47.00264421053569,47.00262969520328,0.947455296451931,0.0,0.0,0,84.3948000000001
85,hierarchical,True,12,47.00264421053569,2.750817318316642e-05,2.7314279645418166e-07,1.0,1.0,10,90.97810000000007
86,flat,False,4,120.61588475088689,120.61589504800276,0.8893650453969255,0.0,0.0,0,38.291899999999934
86,flat,True,4,120.61588475088689,0.0003052711337851342,4.924151790695877e-07,1.0,1.0,5,68.13619999999987
86,hierarchical,False,12,83.74323777189353,83.74328894512064,0.6239436775386303,0.0,0.0,0,78.06190000000002
86,hierarchical,True,12,83.74323777189353,817.601367564952,2.444005534535204,0.0,0.0,40,119.99929999999992
87,flat,False,4,41.04783011442962,41.04780722425792,0.29999648704480847,0.0,0.0,0,35.49840000000004
87,flat,True,4,41.04783011442962,6.103515625e-05,2.4979751247830382e-05,1.0,1.0,4,59.572599999999866
87,hierarchical,False,12,57.22760486149126,57.22756641064971,1.2307937268423927,0.0,0.0,0,76.78799999999985
87,hierarchical,True,12,57.22760486149126,7.62939453125e-06,0.28444826896510134,0.0,0.0,40,97.21929999999989
88,flat,False,3,17.506503432215464,17.50651019383898,0.4479037440595668,0.0,0.0,0,43.02070000000002
88,flat,True,3,17.506503432215464,1.5728399755926745e-05,1.228781230931777e-07,1.0,1.0,5,63.40699999999999
88,hierarchical,False,12,17.506503432215464,17.50651019383898,0.4479037440595668,0.0,0.0,0,83.08990000000006
88,hierarchical,True,12,17.506503432215464,1.5728399755926745e-05,1.228781230931777e-07,1.0,1.0,5,103.30680000000014
89,flat,False,5,39.99740593315707,39.997418994756146,0.2348401056512066,0.0,0.0,0,36.72830000000005
89,flat,True,5,39.99740593315707,3.0517578125e-05,4.915124923727108e-07,1.0,1.0,5,63.18749999999995
89,hierarchical,False,12,23.390834657786847,23.39078600393938,0.27675822426326363,0.0,0.0,0,85.08819999999994
89,hierarchical,True,12,23.390834657786847,3.0517578125e-05,5.462855929083633e-07,1.0,1.0,5,98.81059999999997
90,flat,False,2,23.484247261133916,23.484251136812446,0.2885585358185912,0.0,0.0,0,33.447
90,flat,True,2,23.484247261133916,6.866455078125e-05,9.830249847454215e-07,1.0,1.0,4,72.48940000000003
90,hierarchical,False,12,23.484247261133916,23.484251136812446,0.2885585358185912,0.0,0.0,0,82.86820000000006
90,hierarchical,True,12,23.484247261133916,6.866455078125e-05,9.830249847454215e-07,1.0,1.0,4,89.07639999999995
91,flat,False,5,88.0778106291738,88.07784526523905,0.3589144849222089,0.0,0.0,0,48.81770000000007
91,flat,True,5,88.0778106291738,7.912623791767708e-05,6.07850493620966e-07,1.0,1.0,5,79.53299999999986
91,hierarchical,False,12,37.159579217603735,37.15953091535672,0.8609311402869251,0.0,0.0,0,77.588
91,hierarchical,True,12,37.159579217603735,6.518557544950508e-05,1.3328003749250113e-07,1.0,1.0,5,100.67429999999989
92,flat,False,6,31.79369292427835,31.79370120284102,0.32528965333754156,0.0,0.0,0,42.40250000000012
92,flat,True,6,31.79369292427835,0.00012396298835198915,9.296521465147343e-07,1.0,1.0,5,53.46910000000005
92,hierarchical,False,12,31.79369292427835,31.79370120284102,0.32528965333754156,0.0,0.0,0,81.84720000000011
92,hierarchical,True,12,31.79369292427835,0.00012396298835198915,9.296521465147343e-07,1.0,1.0,5,119.17829999999996
93,flat,False,5,113.39887273063253,113.39888864046232,0.29646569945661866,0.0,0.0,0,41.08629999999991
93,flat,True,5,113.39887273063253,0.0,2.9802322387695312e-08,1.0,1.0,5,59.44450000000012
93,hierarchical,False,12,79.69944500315586,79.69946502916402,0.4229923562119742,0.0,0.0,0,77.7527
93,hierarchical,True,12,79.69944500315586,0.0005992353962969648,5.012552175778008e-06,1.0,1.0,4,119.40000000000018
94,flat,False,5,66.26487186110093,66.26488561483195,0.7838072656612636,0.0,0.0,0,36.88099999999994
94,flat,True,5,66.26487186110093,6.115424935104904e-05,3.769728732309794e-07,1.0,1.0,6,73.02600000000004
94,hierarchical,False,12,52.180325867492755,52.18026821043911,0.754240626481898,0.0,0.0,0,78.96539999999996
94,hierarchical,True,12,52.180325867492755,6.103515625e-05,1.3328003749250113e-07,1.0,1.0,7,104.36519999999993
95,flat,False,2,37.37650735828856,37.37650147322856,0.27197853237854747,0.0,0.0,0,33.725499999999855
95,flat,True,2,37.37650735828856,0.0,0.0,1.0,1.0,4,74.76050000000001
95,hierarchical,False,12,37.37650735828856,37.37650147322856,0.27197853237854747,0.0,0.0,0,79.06960000000018
95,hierarchical,True,12,37.37650735828856,0.0,0.0,1.0,1.0,4,88.51350000000014
96,flat,False,6,40.641513050952135,40.64149860467306,0.5824968516313389,0.0,0.0,0,41.99100000000011
96,flat,True,6,40.641513050952135,0.0007629585263729155,3.0351642618261184e-05,1.0,1.0,5,59.145399999999796
96,hierarchical,False,12,40.641513050952135,40.64149860467306,0.5824968516313389,0.0,0.0,0,87.5680000000001
96,hierarchical,True,12,40.641513050952135,0.0007629585263729155,3.0351642618261184e-05,1.0,1.0,5,101.69110000000003
97,flat,False,5,63.22878027228742,63.2288123293211,0.19362794692351432,0.0,0.0,0,37.59789999999996
97,flat,True,5,63.22878027228742,0.0,5.960464477539063e-08,1.0,1.0,6,53.55619999999983
97,hierarchical,False,12,63.22878027228742,63.2288123293211,0.19362794692351432,0.0,0.0,0,81.20220000000012
97,hierarchical,True,12,63.22878027228742,0.0,5.960464477539063e-08,1.0,1.0,6,106.40629999999996
98,flat,False,3,23.16407092402892,23.164027023470442,0.29673637283634907,0.0,0.0,0,35.02660000000013
98,flat,True,3,23.16407092402892,0.0007631778344628356,6.797608571026947e-07,1.0,1.0,4,48.00159999999987
98,hierarchical,False,12,13.607453045536145,13.607509270087498,0.29283766370179487,0.0,0.0,0,76.24929999999996
98,hierarchical,True,12,13.607453045536145,4.2427094483771155,0.051762479865634224,0.0,0.0,40,125.92970000000014
99,flat,False,4,19.979966906753518,19.980004461701963,2.4911869253628747,0.0,0.0,0,35.503000000000064
99,flat,True,4,19.979966906753518,0.00018874079707112092,1.7391999621604892e-05,1.0,1.0,7,54.15139999999985
99,hierarchical,False,12,40.409329318062284,40.409341767154594,1.1550184187072385,0.0,0.0,0,88.5844
99,hierarchical,True,12,40.409329318062284,2.750817318316642e-05,3.5832567979130295e-07,1.0,1.0,5,106.79909999999992
